{
  "id": "1914828",
  "name": "项目1",
  "font_family": "iconfont",
  "css_prefix_text": "icon-",
  "description": "",
  "glyphs": [
    {
      "icon_id": "6683016",
      "name": "加好友",
      "font_class": "jiahaoyou",
      "unicode": "e603",
      "unicode_decimal": 58883
    },
    {
      "icon_id": "10056825",
      "name": "问号",
      "font_class": "wenhao",
      "unicode": "e616",
      "unicode_decimal": 58902
    },
    {
      "icon_id": "14470424",
      "name": "反馈",
      "font_class": "fankui",
      "unicode": "e647",
      "unicode_decimal": 58951
    }
  ]
}
